CachePer,Ratio of Red ,Time Approx
0,2.32137698603755,0.94938168098931
0.1,2.56993788819876,0.911351860574659
0.25,0.192307692307692,0.0569141840818142
